ward,booth,street,total_voters,notice_delivered
WARD 10,Booth # 084,பரத நகர்,1072,0
WARD 10,Booth # 085,மருதங்குளம்,598,0
WARD 10,Booth # 086,சம்பாகுளம் விசலம்,293,0
WARD 10,Booth # 086,சூர்யா நகர் தைமோகம்பிகை நகர்,625,0
WARD 10,Booth # 089,Street Not Found,1,0
WARD 10,Booth # 089,கர்பக நகர் 11வது தெரு,149,0
WARD 10,Booth # 089,கர்பக நகர் 12வது தெரு,95,0
WARD 10,Booth # 089,கர்பக நகர் 13வது தெரு,174,0
WARD 10,Booth # 089,கர்பக நகர் 14வது தெரு,229,0
WARD 10,Booth # 089,கர்பக நகர் 15வது தெரு,154,0
WARD 10,Booth # 089,கர்பக நகர் 16வது தெரு,60,0
WARD 10,Booth # 093,அலாகர் நகர் 1வது தெரு,113,0
WARD 10,Booth # 093,அலாகர் நகர் 2வது தெரு,151,0
WARD 10,Booth # 093,அலாகர் நகர் 3வது தெரு,115,0
WARD 10,Booth # 093,அலாகர் நகர் 4வது தெரு,90,0
WARD 10,Booth # 093,அலாகர் நகர் 5வது தெரு,562,0
WARD 10,Booth # 094,Street Not Found,1,0
WARD 10,Booth # 094,அலாகர் நகர் 1வது குறுக்கு தெரு,18,0
WARD 10,Booth # 094,அலாகர் நகர் 3வது குறுக்கு தெரு,47,0
WARD 10,Booth # 094,அலாகர் நகர் 4வது குறுக்கு தெரு,14,0
WARD 10,Booth # 094,அலாகர் நகர் 5வது குறுக்கு தெரு,77,0
WARD 10,Booth # 094,அலாகர் நகர் 5வது தெரு விரிவு,182,0
WARD 10,Booth # 094,அலாகர் நகர் 6வது தெரு,354,0
WARD 10,Booth # 094,அலாகர் நகர் 7வது குறுக்கு தெரு,51,0
WARD 10,Booth # 094,அலாகர் நகர் 7வது தெரு,201,0
WARD 10,Booth # 095,அலாகர் கோவில் முக்கிய வீதி,258,39
WARD 10,Booth # 095,இ.மு.ஜி. நகர் 1வது குறுக்கு தெரு,10,2
WARD 10,Booth # 095,இ.மு.ஜி. நகர் 1வது தெரு,83,32
WARD 10,Booth # 095,இ.மு.ஜி. நகர் 2வது குறுக்கு தெரு,51,19
WARD 10,Booth # 095,இ.மு.ஜி. நகர் 2வது தெரு,187,71
WARD 10,Booth # 095,இ.மு.ஜி. நகர் 3வது குறுக்கு தெரு,45,18
WARD 10,Booth # 095,இ.மு.ஜி. நகர் 3வது தெரு,28,13
WARD 10,Booth # 095,இ.மு.ஜி. நகர் 4வது குறுக்கு தெரு,57,15
WARD 10,Booth # 096,கர்பக நகர் 1வது தெரு,89,0
WARD 10,Booth # 096,கர்பக நகர் 2வது தெரு,101,0
WARD 10,Booth # 096,கர்பக நகர் 3வது தெரு,185,0
WARD 10,Booth # 096,கர்பக நகர் 4வது தெரு,155,0
WARD 10,Booth # 096,கர்பக நகர் 5வது தெரு,196,0
WARD 10,Booth # 096,கர்பக நகர் முக்கிய 1வது குறுக்கு தெரு,48,0
WARD 10,Booth # 096,சைதியலார் நகர்,275,0
WARD 10,Booth # 097,Street Not Found,1,0
WARD 10,Booth # 097,கர்பக நகர் 10வது தெரு,123,0
WARD 10,Booth # 097,கர்பக நகர் 6வது தெரு,294,0
WARD 10,Booth # 097,கர்பக நகர் 7வது தெரு,195,0
WARD 10,Booth # 097,கர்பக நகர் 8வது தெரு,131,0
WARD 10,Booth # 097,கர்பக நகர் 9வது தெரு,214,0
WARD 10,Booth # 097,கவிதா நகர்,47,0
WARD 10A,Booth # 082,Street Not Found,1,0
WARD 10A,Booth # 082,அந்தனேரி கிராமம்,421,0
WARD 10A,Booth # 082,அலாகர் கோவில் முக்கிய வீதி மூன்றுமாவடி,142,0
WARD 10A,Booth # 082,ஜவஹரலால் புரம்,370,0
WARD 10A,Booth # 083,அந்தனேரி கன்மைக்கரை,1137,0
WARD 10A,Booth # 087,கொடிகுளம் 1வது தெரு,852,0
WARD 10A,Booth # 087,கொடிகுளம் 2வது தெரு,120,0
WARD 10A,Booth # 088,அனந்தராஜ் நகர்,276,0
WARD 10A,Booth # 088,அருண்ததியார் நகர்,2,0
WARD 10A,Booth # 088,விஜய் நகர்,36,0
WARD 10A,Booth # 090,சம்பாகுளம் 1வது தெரு,720,0
WARD 10A,Booth # 090,சம்பாகுளம் 2வது தெரு,170,0
WARD 10A,Booth # 090,சம்பாகுளம் 3வது தெரு,279,0
WARD 10A,Booth # 091,கணேஷ் நகர்,258,0
WARD 10A,Booth # 091,சத்திய நகர்,638,0
WARD 10A,Booth # 091,மாரியம்மன் கோவில் தெரு,267,0
WARD 10A,Booth # 092,இ.பி.நகர்,257,0
WARD 10A,Booth # 092,சம்பாகுளம் 4வது தெரு,153,0
WARD 10A,Booth # 092,விவேகநந்தா நகர்,400,0
WARD 12,Booth # 106,லோர்து நகர் 1வது தெரு,208,0
WARD 12,Booth # 106,லோர்து நகர் 2வது தெரு,305,0
WARD 12,Booth # 106,லோர்து நகர் 3வது தெரு,186,0
WARD 12,Booth # 106,லோர்து நகர் கிழக்கு முக்கிய வீதி 1வது மேற்கு குறுக்கு தெரு,255,0
WARD 12,Booth # 107,லோர்து நகர் 4வது தெரு,149,0
WARD 12,Booth # 107,லோர்து நகர் 5வது தெரு,121,0
WARD 12,Booth # 107,லோர்து நகர் 6வது தெரு,178,0
WARD 12,Booth # 107,லோர்து நகர் 7வது தெரு,342,0
WARD 12,Booth # 107,லோர்து நகர் மேற்கு முக்கிய வீதி,236,0
WARD 12,Booth # 108,Street Not Found,1,0
WARD 12,Booth # 108,அலாகர் கோவில் முக்கிய வீதி,38,0
WARD 12,Booth # 108,லோர்து நகர் 7வது தெரு 10வது குறுக்கு தெரு,117,0
WARD 12,Booth # 108,லோர்து நகர் 7வது தெரு 1வது குறுக்கு தெரு,176,0
WARD 12,Booth # 108,லோர்து நகர் 7வது தெரு 2வது குறுக்கு தெரு,77,0
WARD 12,Booth # 108,லோர்து நகர் 7வது தெரு 3வது குறுக்கு தெரு,107,0
WARD 12,Booth # 108,லோர்து நகர் 7வது தெரு 7வது குறுக்கு தெரு,66,0
WARD 12,Booth # 108,லோர்து நகர் 7வது தெரு 8வது குறுக்கு தெரு,46,0
WARD 12,Booth # 108,லோர்து நகர் 7வது தெரு 9வது குறுக்கு தெரு,73,0
WARD 12,Booth # 108,லோர்து நகர் 8வது தெரு,152,0
WARD 12,Booth # 108,லோர்து நகர் 8வது தெரு 2வது குறுக்கு தெரு,27,0
WARD 12,Booth # 110,மேற்கு விசலம் லோர்து நகர்,153,0
WARD 12,Booth # 110,லோர்து நகர் 2வது தெரு மேற்கு முக்கியம்,164,0
WARD 12,Booth # 110,லோர்து நகர் 7வது தெரு 4வது குறுக்கு தெரு,97,0
WARD 12,Booth # 110,லோர்து நகர் 7வது தெரு 5வது குறுக்கு தெரு,101,0
WARD 12,Booth # 110,லோர்து நகர் 7வது தெரு 6வது குறுக்கு தெரு,74,0
WARD 12,Booth # 110,லோர்து நகர் 9வது தெரு,264,0
WARD 12,Booth # 110,லோர்து நகர் 9வது தெரு 7வது தெரு 2வது குறுக்கு தெரு,45,0
WARD 12,Booth # 122,Street Not Found,1,0
WARD 12,Booth # 122,சவடி தெரு,96,0
WARD 12,Booth # 122,நரயணாச்சி தெரு,240,0
WARD 12,Booth # 122,பரதியார் 2வது தெரு,192,0
WARD 12,Booth # 122,பாரதியார் 1வது தெரு,319,0
WARD 12,Booth # 129,Street Not Found,1,0
WARD 12,Booth # 129,உலகநாதன் சேவாய் லேன்,393,0
WARD 12,Booth # 129,பரதியார் 1வது லேன்,135,0
WARD 12,Booth # 129,மரியம்மன் கோவில் 1வது தெரு,157,0
WARD 12,Booth # 129,வோசி தெரு,172,0
WARD 12,Booth # 131,காந்திபுரம் 1வது தெரு,152,0
WARD 12,Booth # 131,காந்திபுரம் 2வது தெரு,149,0
WARD 12,Booth # 131,பரதியார் முக்கிய வீதி,302,0
WARD 12,Booth # 132,கணேஷாபுரம்,279,0
WARD 12,Booth # 132,கணேஷாபுரம் 1வது தெரு,124,0
WARD 12,Booth # 132,திறோப்பதி அம்மன் 1வது தெரு,189,0
WARD 12,Booth # 132,திறோப்பதி அம்மன் 2வது தெரு,83,0
WARD 12,Booth # 132,பிரிட்டோ காலனி,6,0
WARD 12,Booth # 135,Street Not Found,2,0
WARD 12,Booth # 135,காந்திபுரம் முக்கிய தெரு,960,0
WARD 12A,Booth # 111,லோர்து நகர் 10வது தெரு,185,0
WARD 12A,Booth # 111,லோர்து நகர் 11வது தெரு ராமலட்ச்மி நகர் 1வது தெரு,111,0
WARD 12A,Booth # 111,லோர்து நகர் 12வது தெரு ராமலட்ச்மி நகர் 2வது தெரு,153,0
WARD 12A,Booth # 111,லோர்து நகர் 13வது தெரு ராமலட்ச்மி நகர் 3வது தெரு,210,0
WARD 12A,Booth # 111,லோர்து நகர் 1வது தெரு,1,0
WARD 12A,Booth # 111,லோர்து நகர் 5வது குறுக்கு தெரு மேற்கு வி.வி,51,0
WARD 12A,Booth # 111,லோர்து நகர் விசலம்,75,0
WARD 12A,Booth # 127,சிங்கரவேலன் தெரு,454,0
WARD 12A,Booth # 127,டோபி காலனி,362,0
WARD 12A,Booth # 130,மரியம்மன் கோவில் 2வது தெரு,47,0
WARD 12A,Booth # 130,மாதா கோவில் 1வது தெரு,93,0
WARD 12A,Booth # 130,மாதா கோவில் 2வது தெரு,70,0
WARD 12A,Booth # 130,மாதா கோவில் 3வது தெரு,301,0
WARD 12A,Booth # 130,மாதா கோவில் வடக்கு தெரு,97,0
WARD 12A,Booth # 133,எஸ்.ஆர்.என். நகர் காந்திபுரம் விரிவு,263,0
WARD 12A,Booth # 133,கே. புது திருநகர் தானை பெரியார்,189,0
WARD 12A,Booth # 133,சர்வேயர் காலனி எதிர் இ.பி. காலனி ஒடகாரை,93,0
WARD 12A,Booth # 133,திறோப்பதி அம்மன் 3வது தெரு,155,0
WARD 12A,Booth # 134,Street Not Found,1,0
WARD 12A,Booth # 134,கே. புது திருநகர் காந்திபுரம் பாண்டியன் நகர்,932,0
WARD 12A,Booth # 136,அரசு வீடு,28,0
WARD 12A,Booth # 136,காந்திபுரம் 3வது தெரு,327,0
WARD 12A,Booth # 136,காந்திபுரம் 4வது தெரு,459,0
WARD 12A,Booth # 136,காந்திபுரம் 5வது தெரு,261,0
WARD 14,Booth # 098,புதூர் 1வது தெரு,120,0
WARD 14,Booth # 098,புதூர் 2வது தெரு,46,0
WARD 14,Booth # 098,புதூர் 3வது தெரு,21,0
WARD 14,Booth # 098,புதூர் 4வது தெரு மற்றும் கர்பக விநாயகர் கோலம்,166,0
WARD 14,Booth # 098,புதூர் 5வது தெரு,11,0
WARD 14,Booth # 098,புதூர் 6வது தெரு,225,0
WARD 14,Booth # 098,புதூர் 7வது குறுக்கு தெரு,59,0
WARD 14,Booth # 098,புதூர் 7வது தெரு,202,0
WARD 14,Booth # 098,புதூர் 8வது தெரு,20,0
WARD 14,Booth # 099,ராமவர்மா நகர் 5வது தெரு கெ புடூர்,618,0
WARD 14,Booth # 100,ராமவர்மா நகர் 1வது தெரு,511,0
WARD 14,Booth # 100,ராமவர்மா நகர் 2வது தெரு,491,0
WARD 14,Booth # 101,ராமவர்மா நகர் 6வது தெரு கெ புடூர்,431,0
WARD 14,Booth # 101,ராமவர்மா நகர் 7வது தெரு கெ புடூர்,189,0
WARD 14,Booth # 102,ராமவர்மா நகர் 3வது தெரு,505,0
WARD 14,Booth # 102,ராமவர்மா நகர் 4வது தெரு,487,0
WARD 14,Booth # 103,ஊரணி தெரு,64,0
WARD 14,Booth # 103,தேசிய விநாயகர் கோவில் தெரு,1031,0
WARD 14,Booth # 105,அலாகர் கோவில் வீதி,299,0
WARD 14,Booth # 105,மண்மலாயசாமி முக்கிய வீதி,582,0
WARD 14,Booth # 105,மண்மலாயசாமி மேற்கு தெரு,62,0
WARD 14,Booth # 115,விஸ்வநாத நகர் முக்கிய வீதி கன்னிமரியம்மன் கோவில் தெரு,917,0
WARD 14,Booth # 116,அண்ணா தெரு,543,0
WARD 14,Booth # 116,பிள்ளையார் கோவில் தெரு கணபதி செர்வாய் தெரு,315,0
WARD 14,Booth # 123,சங்கர் நகர் 1வது தெரு,299,0
WARD 14,Booth # 123,சங்கர் நகர் 2வது தெரு,331,0
WARD 14,Booth # 123,சங்கர் நகர் முக்கிய வீதி,50,0
WARD 14A,Booth # 104,ஜான் போஸ்கோ பள்ளி பின் பக்கம்,80,0
WARD 14A,Booth # 104,பர்மா அகவதிகல் காலனி 1வது தெரு,142,0
WARD 14A,Booth # 104,பர்மா அகவதிகல் காலனி 2வது தெரு,63,0
WARD 14A,Booth # 104,பர்மா அகவதிகல் காலனி 3வது தெரு,102,0
WARD 14A,Booth # 104,மண்மலாயசாமி 1வது தெரு,443,0
WARD 14A,Booth # 109,Street Not Found,1,0
WARD 14A,Booth # 109,விஸ்வநாத நகர் 1வது தெரு,482,0
WARD 14A,Booth # 109,விஸ்வநாத நகர் 2வது தெரு,315,0
WARD 14A,Booth # 109,விஸ்வநாத நகர் 3வது தெரு,138,0
WARD 14A,Booth # 124,சங்கர் நகர் 3வது தெரு,425,0
WARD 14A,Booth # 124,சங்கர் நகர் 4வது தெரு,331,0
WARD 14A,Booth # 124,சங்கர் நகர் 5வது தெரு,187,0
WARD 14A,Booth # 125,சிங்கரவேலர் 2வது தெரு,241,0
WARD 14A,Booth # 125,சிங்கரவேலர் முக்கிய வீதி,303,0
WARD 14A,Booth # 125,முத்துரமலிங்கபுரம் 1வது தெரு,229,0
WARD 14A,Booth # 126,சிங்கரவேலன் 1வது தெரு,79,0
WARD 14A,Booth # 126,தொலிர்பெட்டை காலனி,519,0
WARD 14A,Booth # 126,முத்துரமலிங்கபுரம் 2வது தெரு,512,0
WARD 14A,Booth # 128,ஊரணி தெரு,17,0
WARD 14A,Booth # 128,கோசகுலம் முக்கிய வீதி மாதா கோவில் முக்கிய வீதி,106,0
WARD 14A,Booth # 128,மதுரை ( C )  அலாகர் கோவில் முக்கிய வீதி ( அருளாநந்தர் பில்டிங் ),50,0
WARD 14A,Booth # 128,மரியம்மன் கோவில் தெரு,403,0
WARD 15,Booth # 137,காலங்கரை விசலக்ஷிபுரம் வார்ட் 15  வாகனம் எண் - 1 முதல் வாகனம்,713,0
WARD 15,Booth # 138,Overseas,1,0
WARD 15,Booth # 138,காலங்கரை விசலக்ஷிபுரம் வார்ட் 15  வாகனம் எண் - 153 முதல்,227,0
WARD 15,Booth # 138,பட்டிமேடு சாலை,46,0
WARD 15,Booth # 138,புது நாதம் சாலை,128,0
WARD 15,Booth # 138,விசலஷிபுரம்,370,0
WARD 15,Booth # 158,EB க்வாட்டர்ஸ்,11,0
WARD 15,Booth # 158,போலிஸ் க்வாட்டர்ஸ்,318,0
WARD 15,Booth # 158,ரிசர்வ் லைன்,310,0
WARD 15,Booth # 158,ரிசர்வ் லைன் ஆயுதப்படை க்வாட்டர்ஸ்,307,0
WARD 15,Booth # 159,புதுர் வண்டிபாதை ஜவஹர்புரம்,995,0
WARD 15,Booth # 160,புதுர் வண்டிபாதை வடக்கு,209,0
WARD 15,Booth # 160,புதுர் வண்டிபாதை வடக்கு பின்புற தெரு,93,0
WARD 15,Booth # 160,போலிஸ் புதிய வீடு,340,0
WARD 15A,Booth # 112,டி.ஆர்.ஓ காலனி மேற்கு வீதி,36,0
WARD 15A,Booth # 112,டி.ஆர்.ஓ.கோலனி முக்கிய வீதி,718,0
WARD 15A,Booth # 113,டி.ஆர்.ஓ. காலனி 2வது தெரு கோடிகத்தகுமாரன் தெரு,170,0
WARD 15A,Booth # 113,டி.ஆர்.ஓ.கோலனி 1வது தெரு பேரியார் தெரு,121,0
WARD 15A,Booth # 113,டி.ஆர்.ஓ.கோலனி வடக்கு 3வது தெரு செந்தில் குமாரன் தெரு,463,0
WARD 15A,Booth # 114,டி.ஆர்.ஓ காலனி 6வது தெரு பார்மா காலனி,54,0
WARD 15A,Booth # 114,டி.ஆர்.ஓ.கோலனி 7வது தெரு பார்மா காலனி,123,0
WARD 15A,Booth # 114,டி.ஆர்.ஓ.கோலனி வடக்கு 4வது தெரு கோவிந்தன் தெரு,273,0
WARD 15A,Booth # 114,டி.ஆர்.ஓ.கோலனி வடக்கு 5வது தெரு லட்சுமணன் தெரு,207,0
WARD 15A,Booth # 114,திருவள்ளுவர் நகர்,364,0
WARD 15B,Booth # 157,புது நாதம் சாலை,440,0
WARD 15B,Booth # 157,புதுர் வண்டிபாதை,476,0
WARD 15B,Booth # 161,DRO காலனி A  B  L ப்ளாக்,197,0
WARD 15B,Booth # 161,புதுர் வண்டிபாதை 1வது லேன்,73,0
WARD 15B,Booth # 161,புதுர் வண்டிபாதை 2வது லேன்,24,0
WARD 15B,Booth # 161,புதுர் வண்டிபாதை சேவுகன் சேட்டியார் காலனி,87,0
WARD 15B,Booth # 162,A C க்வாட்டர்ஸ்,13,0
WARD 15B,Booth # 162,DRO காலனி,108,0
WARD 15B,Booth # 162,DRO புதுஹ் காலனி B26 அடுக்குமடி,326,0
WARD 15B,Booth # 162,S.I க்வாட்டர்ஸ்,33,0
WARD 15B,Booth # 162,இன்ஸ்பெக்டர் க்வாட்டர்ஸ்,25,0
WARD 15B,Booth # 162,போலிஸ் க்வாட்டர்ஸ் ரிசர்வ் லைன்,374,0
WARD 15B,Booth # 163,கலையங்கர் தெரு,184,0
WARD 15B,Booth # 163,பிள்ளையார் கோவில் தெரு,290,0
WARD 15B,Booth # 163,வலிவடி முருகன் கோவில் தெரு,162,0
WARD 15B,Booth # 164,மரியம்மன் கோவில் தெரு,67,0
WARD 15B,Booth # 164,முத்து தெரு,184,0
WARD 15B,Booth # 164,முனியாண்டி கோவில் தெரு,546,0
WARD 16,Booth # 062,அண்ணாதுரை தெரு,40,0
WARD 16,Booth # 062,காந்திஜி தெரு,212,0
WARD 16,Booth # 062,நெதாஜி முக்கிய வீதி வார்ட் 25  வாகனம் எண் - 215 முதல்,335,0
WARD 16,Booth # 062,பாபூன் பாய் தெரு,88,0
WARD 16,Booth # 067,Street Not Found,1,0
WARD 16,Booth # 067,எக்ஸ் சர்வீஸ்மேன் க்வாட்டர்ஸ் மற்றும் போரம்போக்கு,686,0
WARD 16,Booth # 067,முல்லை நகர் 1வது தெரு,280,0
WARD 16,Booth # 076,கருணநிதி நகர் தெரு,160,0
WARD 16,Booth # 076,சேக்கிலார் 1வது தெரு,24,0
WARD 16,Booth # 076,சேக்கிலார் தெரு,355,0
WARD 16,Booth # 076,சேக்கிலார் தெரு விரிவு,134,0
WARD 16,Booth # 076,லால்பகதூர் சாஸ்த்ரி வீதி,70,0
WARD 16,Booth # 077,Street Not Found,1,0
WARD 16,Booth # 077,விநாயகர் தெரு,922,0
WARD 16,Booth # 078,திரு. ரதகிருஷ்ணன் தெரு,116,0
WARD 16,Booth # 078,நபிகல் நாயகம் தெரு,151,0
WARD 16,Booth # 078,மீனாட்சி தெரு,201,0
WARD 16,Booth # 078,வைகை தெரு,270,0
WARD 16,Booth # 079,இந்திரா தெரு,92,0
WARD 16,Booth # 079,கிருஷ்ணாபுரம் காலனி 6வது தெரு,318,0
WARD 16,Booth # 079,கிருஷ்ணாபுரம் காலனி 7வது தெரு,313,0
WARD 16,Booth # 079,மகாகவி பரதியார் தெரு,82,0
WARD 16,Booth # 080,அம்பேத்கர் காலனி 3வது தெரு,168,0
WARD 16,Booth # 080,கண்ணப்பர் தெரு பி. பி. குளம்,355,0
WARD 16,Booth # 080,திருவள்ளுவர் தெரு,36,0
WARD 16,Booth # 080,நவநீதகிருஷ்ணன் தெரு பி. பி. குளம்,146,0
WARD 16,Booth # 080,மருதுபாண்டியார் தெரு,289,0
WARD 16,Booth # 081,கண்ணப்பர் குறுக்கு தெரு,50,0
WARD 16,Booth # 081,சி.எஸ்.நகர்,148,0
WARD 16,Booth # 081,சிவராஜ் வீதி,103,0
WARD 16,Booth # 081,தரகன் வீதி,156,0
WARD 16,Booth # 081,நேஹருஜி தெரு,326,0
WARD 16,Booth # 081,நேஹருஜி தெரு தனாபல் பள்ளி அருகில்,141,0
WARD 16,Booth # 118,எம்.டி.சி.சி வங்கி காலன,17,0
WARD 16,Booth # 118,ஜே. கே. நகர் 1வது தெர,71,0
WARD 16,Booth # 118,பழைய நாதம் சாலை,200,0
WARD 16,Booth # 118,பழைய நாதம் சாலை அஜந்தா அபார்ட்மெண்ட்,23,0
WARD 16,Booth # 118,பழைய நாதம் சாலை பார்க்க் அவென்ய,29,0
WARD 16,Booth # 118,வசுகி நகர் 1வது தெர,41,0
WARD 16,Booth # 118,வசுகி நகர் 1வது தெரு பாலு கேர்டன்ஸ,19,0
WARD 16,Booth # 118,வசுகி நகர் 2வது தெர,61,0
WARD 16,Booth # 118,வசுகி நகர் 3வது தெர,63,0
WARD 16,Booth # 118,வசுகி நகர் 3வது தெரு அலாகேந்திர பிளாச,9,0
WARD 16,Booth # 118,வசுகி நகர் 4வது தெர,60,0
WARD 16,Booth # 118,வள்ளுவர் காலனி மூவெண்டார் நகர் கிழக்கு,271,0
WARD 16,Booth # 119,Street Not Found,2,0
WARD 16,Booth # 119,தபால்தண்டி நகர் 1வது தெர,336,0
WARD 16,Booth # 119,தபால்தந்தி நகர் 2வது தெர,155,0
WARD 16,Booth # 119,தபால்தந்தி நகர் 3வது தெர,207,0
WARD 16,Booth # 120,தபால்தன்தி நகர் முக்கிய வீத,224,0
WARD 16,Booth # 120,மீனாட்சி நகர,317,0
WARD 16,Booth # 121,அபிராமி நகர,90,0
WARD 16,Booth # 121,கலங்கரை புரம்பொக்க,94,0
WARD 16,Booth # 121,குரு நகர,130,0
WARD 16,Booth # 121,ஜே. என். நகர் 2வது தெர,115,0
WARD 16,Booth # 121,ஜே. என். நகர் 3வது 4வது தெர,123,0
WARD 16,Booth # 121,பரமசாமி தேவர் காலன,138,0
WARD 16,Booth # 121,பலுரணி போரம்போக்க,158,0
WARD 16,Booth # 121,பி.டப்ள்யூ.டி. க்வாட்டர்ஸ,15,0
WARD 16,Booth # 121,மீனாட்சி நகர,49,0
WARD 16,Booth # 140,சோக்கணதாபுரம்,565,0
WARD 16A,Booth # 117,வள்ளுவர் காலனி 1வது தெரு,413,0
WARD 16A,Booth # 117,வள்ளுவர் காலனி 2வது தெரு,335,0
WARD 16A,Booth # 117,வள்ளுவர் காலனி 3வது தெரு,210,0
WARD 16A,Booth # 117,வள்ளுவர் காலனி காலங்கரை,28,0
WARD 16A,Booth # 117,வள்ளுவர் காலனி சுப்ரமணிய நகர்,63,0
WARD 16A,Booth # 139,என்.ஜி.ஓ. காலனி,219,0
WARD 16A,Booth # 139,கிருஷ்ணாபுரம் நேசவலர் காலனி 4வது தெரு,570,0
WARD 16A,Booth # 139,கிருஷ்ணாபுரம் நேசவலர் காலனி 7வது தெரு,254,0
WARD 16A,Booth # 139,விஜயலட்சுமி தியேட்டர் சாலை,84,0
WARD 16A,Booth # 141,கிருஷ்ணாபுரம் காலனி 5வது தெரு,584,0
WARD 16A,Booth # 141,கிருஷ்ணாபுரம் காலனி 6வது தெரு,404,0
WARD 16A,Booth # 142,கிருஷணபுரம் நேசவலர் மேலா குறுக்கு தெரு,174,0
WARD 16A,Booth # 142,கிருஷ்ணாபுரம் நேசவலர் 1வது தெரு,411,0
WARD 16A,Booth # 143,கிருஷ்ணாபுரம் நேசவலர் காலனி 2வது தெர,355,0
WARD 16A,Booth # 143,கிருஷ்ணாபுரம் நேசவலர் காலனி 3வது தெரு,334,0
WARD 23,Booth # 001,Street Not Found,2,0
WARD 23,Booth # 001,அந்தோனியார் தெரு,286,0
WARD 23,Booth # 001,அனுமர் நகர்,130,0
WARD 23,Booth # 001,பாக்கியநாதாபுரம் முக்கிய வீதி,577,0
WARD 23,Booth # 001,ராஜிவ்காந்தி தெரு,165,0
WARD 23,Booth # 002,நரையணாகுரு 1வது தெரு,276,0
WARD 23,Booth # 002,நரையணாகுரு 2வது தெரு,166,0
WARD 23,Booth # 002,நரையணாகுரு 3வது தெரு,146,0
WARD 23,Booth # 002,நரையணாகுரு 4வது தெரு,63,0
WARD 23,Booth # 002,நரையணாகுரு 5வது தெரு,70,0
WARD 23,Booth # 002,நரையணாகுரு 6வது தெரு,58,0
WARD 23,Booth # 003,தகோரை நகர்,299,0
WARD 23,Booth # 003,பாக்கியநாதாபுரம் முக்கிய வீதி,483,0
WARD 23,Booth # 004,கைலசாபுரம் 1வது தெரு,69,0
WARD 23,Booth # 004,கைலசாபுரம் 2வது தெரு,63,0
WARD 23,Booth # 004,கைலசாபுரம் 3வது தெரு,34,0
WARD 23,Booth # 004,கைலசாபுரம் 4வது தெரு,72,0
WARD 23,Booth # 004,கைலசாபுரம் 5வது தெரு,26,0
WARD 23,Booth # 004,கைலசாபுரம் 6வது தெரு,36,0
WARD 23,Booth # 004,கைலசாபுரம் 7வது தெரு,50,0
WARD 23,Booth # 004,கைலசாபுரம் 8வது தெரு,48,0
WARD 23,Booth # 004,கைலசாபுரம் 9வது தெரு,42,0
WARD 23,Booth # 004,கைலசாபுரம் குறுக்கு தெரு,17,0
WARD 23,Booth # 004,மனவலன் நகர் 1வது தெரு,353,0
WARD 23,Booth # 004,மனவலன் நகர் குலாமங்கலம் வீதி,121,0
WARD 23,Booth # 005,தகோரே நகர் 1வது தெரு,292,0
WARD 23,Booth # 005,தகோரே நகர் 2வது தெரு,229,0
WARD 23,Booth # 005,தகோரே நகர் முக்கிய,572,0
WARD 23,Booth # 006,இயனார் கோவில் 3வது தெரு விசலம் ஜீவநந்தன் தெரு,457,0
WARD 23,Booth # 006,எலி இயனார் கோவில் தெரு,304,0
WARD 23,Booth # 006,தகோரே நகர் 3வது தெரு,259,0
WARD 23,Booth # 007,இயனார் கோவில் 2வது தெரு விசலம்,202,0
WARD 23,Booth # 007,மனவலன் நகர் 2வது தெரு,870,0
WARD 23,Booth # 008,அய்யனார் கோவில் 5வது தெரு புதிய விரிவு என்.எஸ்.கே,182,0
WARD 23,Booth # 008,அய்யனார் கோவில் 5வது தெரு விரிவு என்.எஸ்.கே தெரு,665,0
WARD 23,Booth # 024,தியகி பாலு 1வது தெரு செல்லூர்,349,0
WARD 23,Booth # 024,தியகி பாலு 3வது தெரு செல்லூர்,327,0
WARD 23,Booth # 025,Overseas,1,0
WARD 23,Booth # 025,Street Not Found,2,0
WARD 23,Booth # 025,அஹிம்சாபுரம் மெல்லா தெரு,318,0
WARD 23,Booth # 025,அஹிம்சாபுரம் மெல்லா தெரு விசலம்,1,0
WARD 23,Booth # 025,தியகி பாலு 2வது தெரு செல்லூர்,574,0
WARD 23,Booth # 026,அய்யனார் கோவில் 1வது தெரு,206,0
WARD 23,Booth # 026,அய்யனார் கோவில் 2வது தெரு,186,0
WARD 23,Booth # 026,அய்யனார் கோவில் 3வது தெரு,176,0
WARD 23,Booth # 026,அய்யனார் கோவில் முக்கிய தெரு,298,0
WARD 23,Booth # 027,அய்யனார் கோவில் 4வது தெரு,218,0
WARD 23,Booth # 027,அய்யனார் கோவில் 5வது தெரு,605,0
WARD 23,Booth # 027,அஹிம்சாபுரம் மெல்லா தெரு விசலம்,1,0
WARD 23,Booth # 028,அய்யனார் கோவில் 2வது தெரு,792,0
WARD 23,Booth # 028,சோமசுந்தர கோனார் தெரு,279,0
WARD 24,Booth # 009,அய்யனார் கோவில் 5வது தெரு விரிவு சுர்ச் தெரு,334,0
WARD 24,Booth # 009,இந்திரா நகர் 1வது தெரு,1,0
WARD 24,Booth # 009,இந்திரா நகர் இரக்கம் செல்லூர்,315,0
WARD 24,Booth # 009,பகவத்ஷிங் தெரு,315,0
WARD 24,Booth # 029,அய்யனார் கோவில் 4வது தெரு,2,0
WARD 24,Booth # 029,அஹிம்சாபுரம் 7வது தெரு,1,0
WARD 24,Booth # 029,அஹிம்சாபுரம் 7வது தெரு புதிய விரிவு,127,0
WARD 24,Booth # 029,இந்திரா நகர் 2வது தெரு,258,0
WARD 24,Booth # 029,இந்திரா நகர் இரக்கம் செல்லூர்,1,0
WARD 24,Booth # 029,இந்திரா நகர் குறுக்கு செல்லூர்,2,0
WARD 24,Booth # 029,ஜீவா தெரு பூந்தமல்லி நகர்,1,0
WARD 24,Booth # 029,தியகி பாலு 1வது தெரு செல்லூர்,2,0
WARD 24,Booth # 029,பகவத்ஷிங் தெரு,1,0
WARD 24,Booth # 029,பூந்தமல்லி நகர்,1,0
WARD 24,Booth # 029,போஸ் வீதி,475,5
WARD 24,Booth # 029,ஹரிகிருஷ்ண கோவில் 2வது தெரு ஹரிகிருஷ்ண நகர்,287,0
WARD 24,Booth # 030,Street Not Found,1,0
WARD 24,Booth # 030,எம்.ஜி.ஆர். தெரு,239,0
WARD 24,Booth # 030,ஒடைக்கரை போரம்போக்கு,167,0
WARD 24,Booth # 030,சக்திமரியம்மன் கோவில் 1வது தெரு பூந்தமல்லி நகர்,1,0
WARD 24,Booth # 030,ராஜிவ்காந்தி நகர் பூந்தமல்லி நகர்,329,0
WARD 24,Booth # 030,ராணி மங்கம்மல் தெரு,74,0
WARD 24,Booth # 031,Street Not Found,1,0
WARD 24,Booth # 031,அஹிம்சாபுரம் 4வது தெரு புதிய விசலம்,1,0
WARD 24,Booth # 031,அஹிம்சாபுரம் 7வது தெரு புதிய விரிவு,1,0
WARD 24,Booth # 031,குலாமங்கலம் முக்கிய வீதி,912,0
WARD 24,Booth # 031,சக்தி மரியம்மன் கோவில் 3வது தெரு பூந்தமல்லி நகர்,1,0
WARD 24,Booth # 031,தகோரே நகர் 1வது தெரு,1,0
WARD 24,Booth # 032,பூந்தமல்லி நகர்,860,0
WARD 24,Booth # 032,லெனின் தெரு பூந்தமல்லி நகர்,275,0
WARD 24,Booth # 033,இந்திரா நகர் குறுக்கு செல்லூர்,268,0
WARD 24,Booth # 033,ஜீவா தெரு பூந்தமல்லி நகர்,546,0
WARD 24,Booth # 034,அமைதிச்சொலை தெரு பூந்தமல்லி நகர்,130,0
WARD 24,Booth # 034,கலையங்கர் கருணநிதி தெரு பூந்தமல்லி நகர்,125,0
WARD 24,Booth # 034,சக்தி மரியம்மன் கோவில் 2வது தெரு பூந்தமல்லி நகர்,164,0
WARD 24,Booth # 034,சக்தி மரியம்மன் கோவில் 3வது தெரு பூந்தமல்லி நகர்,132,0
WARD 24,Booth # 034,சக்திமரியம்மன் கோவில் 1வது தெரு பூந்தமல்லி நகர்,418,0
WARD 24,Booth # 035,Overseas,1,0
WARD 24,Booth # 035,அகஸ்தியார் தெரு பூந்தமல்லி நகர்,245,0
WARD 24,Booth # 035,எம்.ஜி.ஆர். தெரு அகஸ்தியார் தெரு பூந்தமல்லி நகர்,143,0
WARD 24,Booth # 035,சிந்தபாஸ் தெரு பூந்தமல்லி நகர்,101,0
WARD 24,Booth # 035,பாசுபதி தெரு பூந்தமல்லி நகர்,233,0
WARD 24,Booth # 035,பாலுசாமி ஒடுக்கல் தெரு பூந்தமல்லி நகர்,34,0
WARD 24,Booth # 035,விவேகநந்தா தெரு பூந்தமல்லி நகர்,236,0
WARD 24,Booth # 038,சத்தியமூர்த்தி 5வது தெரு,660,0
WARD 24,Booth # 039,சங்கரன் கூட்டம் 1வது தெரு,100,0
WARD 24,Booth # 039,சங்கரன் கூட்டம் 2வது தெரு,143,0
WARD 24,Booth # 039,சத்தியமூர்த்தி 7வது தெரு,208,0
WARD 24,Booth # 039,சத்தியமூர்த்தி முக்கிய குறுக்கு தெரு,314,0
WARD 24,Booth # 040,சத்தியமூர்த்தி 6வது தெரு,656,0
WARD 24,Booth # 041,சத்தியமூர்த்தி 6வது தெரு,1037,0
WARD 24,Booth # 041,விநாயகர் தெரு,1,0
WARD 24,Booth # 042,Overseas,2,0
WARD 24,Booth # 042,முனியாண்டி கோவில் தெரு,908,0
WARD 24,Booth # 043,சத்தியமூர்த்தி முக்கிய வீதி வார்ட் 25  வாகனம் எண் - 81 முதல்,270,0
WARD 24,Booth # 043,புலிதேவன் தெரு,440,0
WARD 24,Booth # 043,மரியம்மன் கோவில் தெரு,388,0
WARD 24,Booth # 044,பட்டுக்கொத்தைக்கல்யாணசுந்தராம் தெரு,778,0
WARD 24,Booth # 044,பூந்தமல்லி நகர்,1,0
WARD 24,Booth # 045,கமராஜர் குறுக்கு தெரு,409,0
WARD 24,Booth # 045,பலிவாசல் தெரு,238,0
WARD 25,Booth # 036,சத்தியமூர்த்தி 1வது தெரு,559,0
WARD 25,Booth # 036,சத்தியமூர்த்தி 2வது கிழக்கு தெரு,42,0
WARD 25,Booth # 036,சத்தியமூர்த்தி 4வது தெரு,410,0
WARD 25,Booth # 037,சத்தியமூர்த்தி 2வது தெரு,277,0
WARD 25,Booth # 037,சத்தியமூர்த்தி 3வது குறுக்கு தெரு,182,0
WARD 25,Booth # 037,சத்தியமூர்த்தி 3வது தெரு,498,0
WARD 25,Booth # 046,சத்தியமூர்த்தி முக்கிய வீதி வார்ட் 25  வாகனம் எண் - 1 முதல் வாகனம,880,0
WARD 25,Booth # 061,நெதாஜி முக்கிய வீதி வார்ட் 25  வாகனம் எண் - 1 முதல் வாகனம்,876,0
WARD 25,Booth # 063,கமராஜர் 1வது தெரு,588,0
WARD 25,Booth # 064,கமராஜர் 2வது தெரு,557,0
WARD 25,Booth # 065,அய்யனார் கோவில் தெரு,68,0
WARD 25,Booth # 065,சுந்தர்பாண்டியார் தெரு,24,0
WARD 25,Booth # 065,பணியன் மயந்தி தெரு,299,0
WARD 25,Booth # 065,பரதியார் தெரு,225,0
WARD 25,Booth # 065,மூவெண்டார் நகர்,242,0
WARD 25,Booth # 065,விவேகநந்தர் தெரு,290,0
WARD 25,Booth # 066,Overseas,1,0
WARD 25,Booth # 066,Street Not Found,1,0
WARD 25,Booth # 066,திருவள்ளுவர் தெரு,215,0
WARD 25,Booth # 066,பூம்புக்கர் தெரு,109,0
WARD 25,Booth # 066,முல்லை நகர் முக்கிய வீதி,210,0
WARD 25,Booth # 066,வல்லலர் குறுக்கு தெரு,80,0
WARD 25,Booth # 066,வல்லலர் தெரு,247,0
WARD 25,Booth # 068,காபிலர் தெரு (இண்டிரா நகர்),133,0
WARD 25,Booth # 068,முத்துரமலிங்கதேவர் தெரு,283,0
WARD 25,Booth # 068,ரணிமங்கம்மல் தெரு,92,0
WARD 25,Booth # 068,ராஜாஜி தெரு,129,0
WARD 25,Booth # 068,ராமாமூர்த்தி தெரு பி. பி. குளம்,156,0
WARD 25,Booth # 068,விநாயகர் தெரு,151,0
WARD 25,Booth # 069,அரிங்கர் அன்னா தெரு,328,0
WARD 25,Booth # 069,பரதிதாசன் தெரு,258,0
WARD 25,Booth # 070,யேசுநாதர் தெரு,202,0
WARD 25,Booth # 070,வோசி 2வது குறுக்கு தெரு,138,0
WARD 25,Booth # 070,வோசி 2வது தெரு,199,0
WARD 25,Booth # 071,Street Not Found,1,0
WARD 25,Booth # 071,அலாகப்புரி தெரு,547,0
WARD 25,Booth # 071,குலாமங்கலம் முக்கிய வீதி,256,0
WARD 25,Booth # 072,சத்திய நகர்,163,0
WARD 25,Booth # 072,முல்லை நகர் 2வது தெரு,111,0
WARD 25,Booth # 072,முல்லை நகர் 3வது தெரு,58,0
WARD 25,Booth # 072,வோசி 1வது தெரு,439,0
WARD 25,Booth # 073,அம்பேத்கர் காலனி 1வது தெரு,461,0
WARD 25,Booth # 073,அம்பேத்கர் காலனி 2வது தெரு,322,0
WARD 25,Booth # 073,இளையராஜா வீதி,88,0
WARD 25,Booth # 073,எம்.ஜி.ஆர்.நகர்,9,0
WARD 25,Booth # 073,பண்டித் நேஹ்ருஜி தெரு,178,0
WARD 25,Booth # 074,இந்திரா நகர் 1வது தெரு,887,0
WARD 25,Booth # 075,இந்திரா நகர் 2வது தெரு,495,0
WARD 25,Booth # 075,இந்திரா நகர் குறுக்கு தெரு,125,0
WARD 26,Booth # 145,சுல்தான் நகர் அன்னா தெரு,241,0
WARD 26,Booth # 145,சுல்தான் நகர் காந்திஜி தெரு,78,0
WARD 26,Booth # 145,சுல்தான் நகர் மருத்து பாண்டி நகர்,522,0
WARD 26,Booth # 145,சுல்தான் நகர் மருத்துபாண்டி நகர் திருவள்ளுவர் தெரு,250,0
WARD 26,Booth # 146,சுல்தான்விலசம் 1வது தெரு பாசும்போன் தெரு,376,0
WARD 26,Booth # 146,ரத்னசாமி நாதர் தெரு,373,0
WARD 26,Booth # 147,கிருஷ்ணாபுரம் காலனி கிழக்கு குறுக்கு தெரு,296,0
WARD 26,Booth # 147,சுப்பரணியா சிவா தெரு,195,0
WARD 26,Booth # 147,பண்டியன் தெரு,253,0
WARD 26,Booth # 151,Street Not Found,2,0
WARD 26,Booth # 151,சுல்தான் நகர் குறுக்கு 5வது தெரு,561,0
WARD 26,Booth # 151,சுல்தான் நகர் முக்கிய வீதி,259,0
WARD 26,Booth # 152,Overseas,1,0
WARD 26,Booth # 152,சுல்தான் நகர் விசலம் மேற்கு தெரு,756,0
WARD 26,Booth # 153,சிங்கராயர் காலனி கிழக்கு தெரு,71,0
WARD 26,Booth # 153,சிங்கராயர் காலனி பூக் கிழக்கு தெரு,101,0
WARD 26,Booth # 153,சிங்கராயர் காலனி பூக் தெற்கு தெரு,82,0
WARD 26,Booth # 153,சிங்கராயர் காலனி பூக் மேற்கில் தெரு,19,0
WARD 26,Booth # 153,சிங்கராயர் காலனி பூக் வடக்கு தெரு,54,0
WARD 26,Booth # 153,சிங்கராயர் காலனி மேற்கில் தெரு,45,0
WARD 26,Booth # 153,சிங்கராயர் காலனி வடக்கு தெரு,164,0
WARD 26,Booth # 154,Overseas,17,0
WARD 26,Booth # 154,சிங்கராயர் காலனி 1வது நீர் லேன்,84,0
WARD 26,Booth # 154,சிங்கராயர் காலனி தெற்கு தெரு,264,0
WARD 26,Booth # 154,சுல்தான் நகர் குறுக்கு 4வது தெரு,175,0
WARD 26A,Booth # 053,அஹிம்சாபுரம் 7வது தெரு விசலம்,674,0
WARD 26A,Booth # 054,அஹிம்சாபுரம் 7வது தெரு,424,0
WARD 26A,Booth # 054,அஹிம்சாபுரம் 7வது தெரு புதிய விசலம்,160,0
WARD 26A,Booth # 055,கட்டாபொம்மன் நகர்,886,0
WARD 26A,Booth # 056,அஹிம்சாபுரம் 3வது புதிய விசலம் பரதியார் தெரு,290,0
WARD 26A,Booth # 056,கட்டாபொம்மன் நகர் அன்னா தெரு,73,0
WARD 26A,Booth # 056,கட்டாபொம்மன் நகர் திருவள்ளுவர் தெரு,165,0
WARD 26A,Booth # 056,கட்டாபொம்மன் நகர் முக்கிய வீதி,470,0
WARD 26A,Booth # 144,பி.பி. குளம் முக்கிய வீதி,1006,0
WARD 26A,Booth # 148,பி.பி.குலம் கட்டாபொம்மன் நகர்,396,0
WARD 26A,Booth # 148,பி.பி.குலம் பஜநை மாடா தெரு,172,0
WARD 26A,Booth # 148,பி.பி.குலம் பரதியார் தெரு,383,0
WARD 26A,Booth # 148,பி.பி.குலம் பாலிவாசல் தெரு,73,0
WARD 26A,Booth # 150,E2 E2 1வது தெரு,288,0
WARD 26A,Booth # 150,சலாமுத்தலியார் தெரு,380,0
WARD 26A,Booth # 150,சலாய் முத்தலியார் 2வது தெரு,129,0
WARD 26A,Booth # 150,ராஜேந்திரப்ரசாத் சாலை,211,0
WARD 27,Booth # 010,1. அஹிம்சாபுரம் மேற்கு தெரு புதிய விரிவு,886,522
WARD 27,Booth # 011,Street Not Found,1,0
WARD 27,Booth # 011,செல்லூர் கிழக்கு 1வது முக்கிய வீதி,462,250
WARD 27,Booth # 011,செல்லூர் மேற்கு 1வது முக்கிய வீதி,174,68
WARD 27,Booth # 012,அஹிம்சாபுரம் மெல்லா தெரு விசலம்,744,377
WARD 27,Booth # 013,அஹிம்சாபுரம் 1வது தெரு விசலம்,436,215
WARD 27,Booth # 014,அஹிம்சாபுரம் 2வது தெரு புதிய விரிவு,438,303
WARD 27,Booth # 014,அஹிம்சாபுரம் 2வது தெரு விரிவு,263,177
WARD 27,Booth # 015,அஹிம்சாபுரம் 5வது தெரு வார்ட் 27  வாகனம் எண்- 1 மு,688,228
WARD 27,Booth # 016,அஹிம்சாபுரம் 5வது தெரு வார்ட் 27  வாகனம் எண் - 81 முதல்,691,175
WARD 27,Booth # 017,Street Not Found,2,0
WARD 27,Booth # 017,அஹிம்சாபுரம் 1வது தெரு,396,116
WARD 27,Booth # 017,அஹிம்சாபுரம் 1வது தெரு விசலம்,213,71
WARD 27,Booth # 017,அஹிம்சாபுரம் 2வது தெரு,300,153
WARD 27,Booth # 018,செல்லூர் அஹிம்சாபுரம் 5வது தெரு விசலம்,711,351
WARD 27,Booth # 019,6வது தெரு விரிவு அஹிம்சாபுரம்,438,229
WARD 27,Booth # 019,அஹிம்சாபுரம் 6வது தெரு,238,122
WARD 27,Booth # 019,அஹிம்சாபுரம் 6வது தெரு புதிய விரிவு,320,103
WARD 27,Booth # 020,இருதயராஜாபுரம் 1வது தெரு,382,0
WARD 27,Booth # 020,இருதயராஜாபுரம் 2வது தெரு,314,0
WARD 27,Booth # 020,இருதயராஜாபுரம் 3வது தெரு,124,0
WARD 27,Booth # 021,அஹிம்சாபுரம் 3வது தெரு செல்லூர்,231,80
WARD 27,Booth # 021,அஹிம்சாபுரம் 3வது தெரு விசலம் செல்லூர்,461,133
WARD 27,Booth # 021,அஹிம்சாபுரம் 4வது தெரு புதிய விசலம்,448,189
WARD 27,Booth # 022,அஹிம்சாபுரம் 4வது தெரு செல்லூர்,292,45
WARD 27,Booth # 023,அஹிம்சாபுரம் 4வது தெரு விசலம்,844,354
WARD 27,Booth # 047,இருதயராஜாபுரம் வடக்கு 1வது தெரு,136,52
WARD 27,Booth # 047,இருதயராஜாபுரம் வடக்கு 3வது தெரு,291,185
WARD 27,Booth # 047,இருதயராஜாபுரம் வடக்கு 4வது தெரு,173,92
WARD 27,Booth # 057,அஹிம்சாபுரம் 3வது புதிய விசலம்,333,76
WARD 27,Booth # 057,அஹிம்சாபுரம் 3வது புதிய விசலம் முனியாண்டி கோவில் தெரு,271,68
WARD 27,Booth # 057,அஹிம்சாபுரம் புதிய விசலம் வள்ளுவர் தெரு,302,95
WARD 27,Booth # 059,அஹிம்சாபுரம் 8வது தெரு,618,183
WARD 27,Booth # 059,அஹிம்சாபுரம் 8வது தெரு விசலம்,382,115
WARD 27,Booth # 059,சுயராஜியாபுரம் கிழக்கு முக்கிய வீதி,131,4
WARD 28,Booth # 048,சுயராஜியாபுரம் 3வது தெரு செல்லூர்,558,0
WARD 28,Booth # 049,சுயராஜியாபுரம் 4வது தெரு செல்லூர்,429,0
WARD 28,Booth # 049,சுயராஜியாபுரம் 5வது தெரு செல்லூர்,253,0
WARD 28,Booth # 050,சுயராஜியாபுரம் 6வது தெரு,225,0
WARD 28,Booth # 050,சுயராஜியாபுரம் 7வது தெரு,296,0
WARD 28,Booth # 050,பந்தல்குடி 1வது தெரு,111,0
WARD 28,Booth # 050,பந்தல்குடி 2வது தெரு,83,0
WARD 28,Booth # 050,பந்தல்குடி 4வது தெரு,191,0
WARD 28,Booth # 051,Overseas,1,0
WARD 28,Booth # 051,செல்லூர் விசலம் 1வது தெரு,445,0
WARD 28,Booth # 051,பந்தல்குடி முக்கிய வீதி,156,0
WARD 28,Booth # 052,செல்லூர் விசலம் 2வது தெரு,120,0
WARD 28,Booth # 052,செல்லூர் விசலம் 3வது தெரு,463,0
WARD 28,Booth # 058,Street Not Found,1,0
WARD 28,Booth # 058,சுயராஜியாபுரம் 1வது தெரு,465,0
WARD 28,Booth # 058,சுயராஜியாபுரம் 2வது தெரு,462,0
WARD 28,Booth # 058,சுயராஜியாபுரம் மேற்கு முக்கிய வீதி,106,0
WARD 28,Booth # 060,செல்லூர் அஹிம்சாபுரம் 5வது தெரு,353,0
WARD 28,Booth # 060,பந்தல்குடி 3வது தெரு,31,0
WARD 28,Booth # 060,பந்தல்குடி 5வது தெரு,247,0
WARD 28,Booth # 060,பந்தல்குடி 6வது தெரு,152,0
WARD 28,Booth # 060,பந்தல்குடி 7வது தெரு,275,0
WARD 28,Booth # 174,Street Not Found,1,0
WARD 28,Booth # 174,பத்து நொம்பு சவடி 2வது லேன்,200,0
WARD 28,Booth # 174,பலம் ஸ்டேஷன் சாலை கொரிபலயம்,447,0
WARD 28,Booth # 175,பத்து நொம்பு சவடி 1வது லேன்,220,0
WARD 28,Booth # 175,பத்து நொம்பு சவடி தெரு,135,0
WARD 28,Booth # 175,பல்லிவாசல் தெரு,388,0
WARD 28,Booth # 176,Street Not Found,1,0
WARD 28,Booth # 176,கொரிபலயம் பட்டரைக்கர் தெரு,184,0
WARD 28,Booth # 176,கொரிபலயம் முகம்மாதியர் 1வது தெரு,91,0
WARD 28,Booth # 176,கொரிபலயம் முகம்மாதியர் தெரு,332,0
WARD 28,Booth # 177,கொரிபலயம் சவடி தெரு,247,0
WARD 28,Booth # 177,வெலாயுதம் பிள்ளை லேன்,354,0
WARD 28,Booth # 178,கொரிபலயம் பத்து நொம்பு சவடி 4வது தெரு,46,0
WARD 28,Booth # 178,கொரிபலயம் பத்து நொம்பு சவடி தெரு,69,0
WARD 28,Booth # 178,கொரிபலயம் மாளிகை கோவில் தெரு,709,0
WARD 28,Booth # 179,கொரிபலயம் சோமசுந்தர் வேளாளர் தெரு,224,0
WARD 28,Booth # 179,கொரிபலயம் நாதர் தெரு,126,0
WARD 28,Booth # 179,கொரிபலயம் வாயக்கட்டு தெரு,202,0
WARD 28,Booth # 180,அரசு கிலவர் தெரு,207,0
WARD 28,Booth # 180,கொரிபலயம் மிடில் தெரு,161,0
WARD 28,Booth # 180,பிள்ளையார் கோவில் தெரு,390,0
WARD 28,Booth # 180,மரியம்மன் கோவில் கிழக்கு குறுக்கு 1வது தெரு,154,0
WARD 28,Booth # 180,மரியம்மன் கோவில் கிழக்கு குறுக்கு 2வது தெரு,72,0
WARD 28,Booth # 181,அப்துல் ரஹ்மான் தெரு,181,0
WARD 28,Booth # 181,கன்ஸாபுரம் புதிய தெரு,77,0
WARD 28,Booth # 181,கன்ஸாபுரம் புதிய விளாசம்,561,0
WARD 28,Booth # 181,பெருமல்சாமி தெரு,260,0
WARD 28,Booth # 182,ஜம்புரோபுரம் விசலம்,387,0
WARD 28,Booth # 182,ஜம்புரோபுரம் விசலம் 1வது தெரு,226,0
WARD 28,Booth # 182,ஜம்புரோபுரம் விசலம் 2வது தெரு,212,0
WARD 28,Booth # 183,Street Not Found,1,0
WARD 28,Booth # 183,சின்னகன்மை தெரு,529,0
WARD 28,Booth # 183,ஜம்புரோபுரம் 2வது லேன்,96,0
WARD 28,Booth # 183,ஜம்புரோபுரம் 4வது லேன்,108,0
WARD 28,Booth # 183,திருமலை லேன்,139,0
WARD 28,Booth # 184,சின்னகன்மை புதிய தெரு,259,0
WARD 28,Booth # 184,ஜம்புரோபுரம் சாலை,289,0
WARD 28,Booth # 184,ஜஹன்ஹிர்கான் தெரு,244,0
WARD 31,Booth # 185,அமெரிக்கன் கல்லூரி சாதுக்கம்,15,0
WARD 31,Booth # 185,அலாகர் கோவில் சாலை,136,0
WARD 31,Booth # 185,கமலா நகர்,140,0
WARD 31,Booth # 185,காந்தி இசை க்வாட்டர்ஸ்,35,0
WARD 31,Booth # 185,கார்ப்பரேஷன் க்வாட்டர்ஸ்,4,0
WARD 31,Booth # 185,தல்லக்குலம் கன்மை வடக்கு தெரு,28,0
WARD 31,Booth # 185,தல்லக்குலம் வடக்கு தெரு,437,0
WARD 31,Booth # 185,தாமுக்கம் பூங்கா சாலை,52,0
WARD 31,Booth # 185,பழைய தபால் அலுவலகம் தெரு தல்லக்குலம்,11,0
WARD 31,Booth # 185,முத்தனந்தா மடம்,39,0
WARD 31,Booth # 185,மெடிக்கல் கல்லூரி கூட்டம்,7,0
WARD 31,Booth # 185,யூனியன் கிளப் பின் பக்கம்,79,0
WARD 31,Booth # 186,கரும்பாலை மிடில் தெரு,721,0
WARD 31,Booth # 186,கார்ப்பரேஷன் வேலையாளர் காலனி,212,0
WARD 31,Booth # 187,கரும்பாலை மிடில் தெரு,649,0
WARD 31,Booth # 187,கரும்பாலை முக்கிய வீதி,76,0
WARD 31,Booth # 187,கரும்பாலை வடக்கு தெரு,282,0
WARD 31,Booth # 188,Street Not Found,1,0
WARD 31,Booth # 188,கரும்பாலை கிழக்கு தெரு,591,0
WARD 31,Booth # 189,கரும்பாலை கிழக்கு தெரு,729,0
WARD 31,Booth # 190,கன்மை மேல் தெரு,715,0
WARD 31,Booth # 191,சத்தியவணி முத்து நகர் கரும்பாலை,680,0
WARD 31,Booth # 192,ஆசரி தெரு,463,0
WARD 31,Booth # 192,தல்லக்குலம் மிடில் தெரு,307,0
WARD 31,Booth # 192,பெருமாள் கோவில் தெரு,92,0
WARD 31,Booth # 192,முத்தலியார் தெற்கு தெரு,149,0
WARD 31,Booth # 193,கன்மை வடக்கு தெரு,98,0
WARD 31,Booth # 193,தல்லக்குலம் தெற்கு தெரு,301,0
WARD 31,Booth # 193,மூக்காபிள்ளை தெரு,230,0
WARD 31,Booth # 194,முத்தலியார் கிழக்கு தெரு,505,0
WARD 31,Booth # 194,மூக்காபிள்ளை 1வது தெரு,121,0
WARD 32,Booth # 149,PTR 5வது தெரு,35,0
WARD 32,Booth # 149,PTR 6வது தெரு,177,0
WARD 32,Booth # 149,PTR 7வது தெரு,50,0
WARD 32,Booth # 149,PTR 8வது தெரு,181,0
WARD 32,Booth # 149,சத்தியமூர்த்தி PTR தெரு,136,0
WARD 32,Booth # 149,சேக்கடி 2வது தெரு,112,0
WARD 32,Booth # 155,Overseas,1,0
WARD 32,Booth # 155,PTR 1வது தெரு,168,0
WARD 32,Booth # 155,PTR 2வது தெரு,35,0
WARD 32,Booth # 155,PTR 3வது தெரு,300,0
WARD 32,Booth # 155,PTR 4வது தெரு,274,0
WARD 32,Booth # 156,E2E2 சாலை,72,0
WARD 32,Booth # 156,PTR 5வது தெரு,102,0
WARD 32,Booth # 156,பிசண்ட் சாலை,445,0
WARD 32,Booth # 165,அலாகர் கோவில் வீதி,287,0
WARD 32,Booth # 165,வல்லபாய் சாலை,190,0
WARD 32,Booth # 166,பரதி உலா சாலை,340,0
WARD 32,Booth # 166,ராமமூரதி சாலை,135,0
WARD 32,Booth # 167,SBI குவார்டர்ஸ்,4,0
WARD 32,Booth # 167,Street Not Found,1,0
WARD 32,Booth # 167,ஜட்ஜஸ் க்வார்டர்ஸ்,8,0
WARD 32,Booth # 167,டீன் க்வார்டர்ஸ்,142,0
WARD 32,Booth # 167,ரேஸ் கோர்ஸ் காலனி,499,0
WARD 32,Booth # 167,ரேஸ் கோர்ஸ் புதிய காலனி,85,0
WARD 32,Booth # 168,அப்துல் கபர்கான் சாலை,46,0
WARD 32,Booth # 168,இந்திரா நகர் போரம்போக்கு,287,0
WARD 32,Booth # 168,கோகுலே சாலை,164,0
WARD 32,Booth # 168,கோகுலே சாலை 1வது தெரு,51,0
WARD 32,Booth # 168,சுபுராமன் சாலை,10,0
WARD 32,Booth # 168,ஜவஹர்லால் சாலை,157,0
WARD 32,Booth # 168,டாக்டர் வரதராஜலு நாய்டு சாலை,95,0
WARD 32,Booth # 168,புலாபாய் தேசை சாலை,36,0
WARD 32,Booth # 169,O.C.P.M பள்ளி சாலை,86,0
WARD 32,Booth # 169,சப்பானி கோவில் தெரு,128,0
WARD 32,Booth # 169,சேந்துரபுலவர் கர்மேகா கோனர் சாலை,25,0
WARD 32,Booth # 169,திருமுகுலம் வடக்கு,48,0
WARD 32,Booth # 169,நவலர் சோமசுந்தர பரதியார் சாலை,9,0
WARD 32,Booth # 169,பழைய அக்கரகாரா தெரு,108,0
WARD 32,Booth # 169,ப்ரொவிடெண்ட் ஃபண்ட் க்வாட்டர்ஸ்,32,0
WARD 32,Booth # 169,ரேஷியோ ஸ்டேஷன் க்வாட்டர்ஸ்,8,0
WARD 32,Booth # 169,லேடி டோக் கல்லூரி சாலை,185,0
WARD 32,Booth # 169,வசதி வார்டு க்வாட்டர்ஸ்,89,0
WARD 32,Booth # 169,வெங்கட்ரமன் தெரு,89,0
WARD 32,Booth # 170,P.T.R சாலை வார்ட் 32  வாகனம் எண் - 1 முதல் வாகனம்,597,0
WARD 32,Booth # 171,பிசண்ட் சாலை போரம்போக்கு,1011,0
WARD 32,Booth # 172,Overseas,1,0
WARD 32,Booth # 172,P.T.R சாலை வார்ட் 32  வாகனம் எண் - 104 முதல்,245,0
WARD 32,Booth # 172,பிசண்ட் சாலை போரம்போக்கு,612,0
WARD 32,Booth # 173,O.C.P.M க்வாட்டர்ஸ்,14,0
WARD 32,Booth # 173,PWD க்வாட்டர்ஸ்,20,0
WARD 32,Booth # 173,கமலா 1வது தெரு,114,0
WARD 32,Booth # 173,கமலா 2வது தெரு,83,0
WARD 32,Booth # 173,சரோஜினி தெரு,82,0
WARD 32,Booth # 173,சிதரஞ்சன் தெரு,40,0
WARD 32,Booth # 173,டெலிகம்யூனிகேஷன் லைன்,10,0
WARD 32,Booth # 173,போலிஸ் க்வாட்டர்ஸ்,42,0
WARD 32,Booth # 173,லாஜாபதி ரை சாலை,57,0
WARD 32,Booth # 173,ஹாக்கிம் அஜ்மல்கான் சாலை,145,0
WARD 33,Booth # 195,KK நகர் கிழக்கு 1வது தெரு,90,0
WARD 33,Booth # 195,KK நகர் கிழக்கு 2வது தெரு,136,0
WARD 33,Booth # 195,KK நகர் கிழக்கு 3வது தெரு,65,0
WARD 33,Booth # 195,KK நகர் கிழக்கு 4வது குறுக்கு தெரு,56,0
WARD 33,Booth # 195,KK நகர் கிழக்கு 4வது தெரு,244,0
WARD 33,Booth # 195,KK நகர் கிழக்கு 5வது தெரு,112,0
WARD 33,Booth # 195,KK நகர் கிழக்கு 6வது தெரு,14,0
WARD 33,Booth # 195,Street Not Found,1,0
WARD 33,Booth # 195,தங்கராஜ் சாலை,225,0
WARD 33,Booth # 195,மெலூர் சாலை,29,0
WARD 33,Booth # 195,விநாயகர் நகர் 1வது தெரு,65,0
WARD 33,Booth # 195,விநாயகர் நகர் 2வது தெரு,26,0
WARD 33,Booth # 195,விநாயகர் நகர் SPA டவர்ஸ்,21,0
WARD 33,Booth # 196,KK நகர் கிழக்கு 6வது தெரு,58,0
WARD 33,Booth # 196,KK நகர் கிழக்கு 7வது தெரு,29,0
WARD 33,Booth # 196,KK நகர் கிழக்கு 8வது தெரு,65,0
WARD 33,Booth # 196,KK நகர் கிழக்கு 9வது தெரு,122,0
WARD 33,Booth # 196,KK நகர் மேற்கு,71,0
WARD 33,Booth # 196,LIG காலனி கிழக்கு 1வது தெரு,531,0
WARD 33,Booth # 196,TNEB ESI க்வாட்டர்ஸ்,3,0
WARD 33,Booth # 196,டெலிகாம் க்வாட்டர்ஸ்,6,0
WARD 33,Booth # 196,பரதா ஸ்டேட் பாங்க் அலுவலர் க்வாட்டர்ஸ்,16,0
WARD 33,Booth # 197,KK நகர் 1வது குறுக்கு தெரு ஹவுசிங் போர்டு க்வாட்டர்ஸ்,62,0
WARD 33,Booth # 197,KK நகர் 6வது முக்கிய வீதி,32,0
WARD 33,Booth # 197,KK நகர் கிழக்கு LIG காலனி 5வது தெரு,71,0
WARD 33,Booth # 197,KK நகர் முக்கிய வீதி,224,0
WARD 33,Booth # 197,KK நகர் மேற்கு 1வது குறுக்கு தெரு,213,0
WARD 33,Booth # 197,KK நகர் மேற்கு 2வது தெரு,128,0
WARD 33,Booth # 197,KK நகர் மேற்கு 3வது தெரு,126,0
WARD 33,Booth # 197,KK நகர் மேற்கு 4வது குறுக்கு தெரு,90,0
WARD 33,Booth # 198,காலனி க்வாட்டர்ஸ் மங்கிரி,124,0
WARD 33,Booth # 198,கோதளம் மன் தெரு ( டெப்ப்யூட்டி கலெக்டர் காலனி ) மங்கிர,81,0
WARD 33,Booth # 198,கோதளம் மைய தெரு மங்கிரி,89,0
WARD 33,Booth # 198,சவடி 3வது குறுக்கு தெரு மங்கிரி,27,0
WARD 33,Booth # 198,சவடி தெரு மங்கிரி,117,0
WARD 33,Booth # 198,மைய தெரு,203,0
WARD 33,Booth # 198,வட மைய தெரு மங்கிரி,78,0
WARD 33,Booth # 199,அன்னா தெரு,41,0
WARD 33,Booth # 199,டெப்ப்யூட்டி கலெக்ட்ரஸ் காலனி,239,0
WARD 33,Booth # 199,பரதி தெரு,158,0
WARD 33,Booth # 199,மா  வித்தியா தெரு,176,0
WARD 33,Booth # 199,மானகிரி,177,0
WARD 33,Booth # 200,திருவள்ளுவர் தெரு,205,0
WARD 33,Booth # 200,நக்கீர் தெரு,144,0
WARD 33,Booth # 200,மங்கிரி 4வது தெரு தேவி சிவநாயகி தெரு,42,0
WARD 33,Booth # 200,மங்கிரி 5வது தெரு அய்யனார் தெரு,100,0
WARD 33,Booth # 200,மங்கிரி 6வது தெரு அருள்மலர் கோன்வெண்ட் தெரு,174,0
WARD 33,Booth # 200,மங்கிரி பைபாஸ் சாலை,23,0
WARD 33,Booth # 201,அவின் ஹவுசிங் போர்டு,58,0
WARD 33,Booth # 201,சிவகங்கை சாலை,148,0
WARD 33,Booth # 201,சுபையா காலனி 3வது குறுக்கு தெரு  தபால் அலுவலகம் தெரு,93,0
WARD 33,Booth # 201,மங்கிரி 2வது குறுக்கு தெரு  கமராஜ் தேன்வடல் தெரு,161,0
WARD 33,Booth # 201,மருதுப்பாண்டியர் தெரு V.O.C. தெரு,73,0
WARD 33,Booth # 201,மருதுப்பாண்டியர் தெரு அந்தாள் தெரு,34,0
WARD 33,Booth # 201,மருதுப்பாண்டியர் தெரு எலங்கோடிக்கல் தெரு,92,0
WARD 33,Booth # 201,மருதுப்பாண்டியர் தெரு மருதுப்பாண்டியர் குறுக்கு தெரு,229,0
WARD 33,Booth # 201,லாக் V.U வீடு டெப்ப்யூட்டி கலெக்டர் காலனி,69,0
WARD 33,Booth # 202,மங்கிரி சேலதம்மன் கோவில் தெரு,388,0
WARD 33,Booth # 202,வடக்கு தெரு மங்கிரி,593,0
WARD 33,Booth # 203,அய்யன்னர் கோவில் 2வது தெரு,102,0
WARD 33,Booth # 203,எரிக்கரை தொட்டம் 1வது தெரு,264,0
WARD 33,Booth # 203,கட்டாரி தெரு,127,0
WARD 33,Booth # 203,சுபையா காலனி,123,0
WARD 33,Booth # 203,சுபையா காலனி சேலதம்மன் கோவில் தெரு,75,0
WARD 33,Booth # 203,மீனாட்சி தெரு,101,0
WARD 33,Booth # 203,முத்துகுமாரன் தெரு,25,0
WARD 33,Booth # 203,யெரிக்கரை தொட்டம் 2வது தெரு,25,0
WARD 33,Booth # 203,யெரிக்கரை தொட்டம் 3வது தெரு,17,0
WARD 33,Booth # 204,K.K.நகர் 2வது குறுக்கு தெரு,86,0
WARD 33,Booth # 204,K.K.நகர் 3வது குறுக்கு தெரு,126,0
WARD 33,Booth # 204,KK நகர் 1வது குறுக்கு தெரு,57,0
WARD 33,Booth # 204,KK நகர் 2வது தெரு,144,0
WARD 33,Booth # 204,KK நகர் 3வது தெரு,47,0
WARD 33,Booth # 204,KK நகர் 4வது தெரு,59,0
WARD 33,Booth # 204,மல்லிகை க்வாட்டர்ஸ்,198,0
WARD 33,Booth # 204,லோகோஸ்ட் காலனி KK நகர் LIG காலனி,343,0
WARD 34,Booth # 206,அன்னா நகர் 1வது வடக்கு குறுக்கு தெரு,163,0
WARD 34,Booth # 206,அன்னா நகர் 2வது வடக்கு குறுக்கு தெரு,32,0
WARD 34,Booth # 206,அன்னா நகர் 3வது வடக்கு குறுக்கு தெரு மாதிரி வீடு,99,0
WARD 34,Booth # 206,அன்னா நகர் 4வது வடக்கு குறுக்கு தெரு,134,0
WARD 34,Booth # 206,அன்னா நகர் 6வது வடக்கு குறுக்கு தெரு,118,0
WARD 34,Booth # 206,அன்னா நகர் 7வது வடக்கு குறுக்கு தெரு,72,0
WARD 34,Booth # 206,அன்னா நகர் 8வது வடக்கு குறுக்கு தெரு,34,0
WARD 34,Booth # 207,Overseas,1,1
WARD 34,Booth # 207,அன்னா நகர் 1வது கிழக்கு குறுக்கு தெரு,133,19
WARD 34,Booth # 207,அன்னா நகர் 1வது கிழக்கு முக்கிய வீதி,241,12
WARD 34,Booth # 207,அன்னா நகர் 2வது கிழக்கு குறுக்கு தெரு,92,3
WARD 34,Booth # 207,அன்னா நகர் 3வது கிழக்கு குறுக்கு தெரு,106,0
WARD 34,Booth # 207,அன்னா நகர் 4வது கிழக்கு குறுக்கு தெரு மாதிரி வீடு,81,3
WARD 34,Booth # 207,அன்னா நகர் 5வது கிழக்கு குறுக்கு தெரு மாதிரி வீடு,90,46
WARD 34,Booth # 207,அன்னா நகர் 6வது கிழக்கு குறுக்கு தெரு,70,6
WARD 34,Booth # 207,லோர்து நகர் 2வது தெரு,1,0
WARD 34,Booth # 209,உஸ்மான் காலனி,101,0
WARD 34,Booth # 209,குருவிகரன் சாலை முக்கிய வீதி,76,0
WARD 34,Booth # 209,ஜக்கா தோப்பு,279,0
WARD 34,Booth # 209,முதலியார் காலனி,286,0
WARD 34,Booth # 209,விநாயகர் தெரு,198,0
WARD 34,Booth # 210,குருவிகரன் சாலை 1வது தெரு,81,25
WARD 34,Booth # 210,குருவிகரன் சாலை 2வது தெரு,70,36
WARD 34,Booth # 210,குருவிகரன் சாலை 3வது தெரு,6,6
WARD 34,Booth # 210,குருவிகரன் சாலை 4வது தெரு,32,24
WARD 34,Booth # 210,சிவகங்கை சாலை,141,65
WARD 34,Booth # 210,சைபல காலனி,61,28
WARD 34,Booth # 210,தாஹ்சில்தார் 1வது குறுக்கு லேன்,165,66
WARD 34,Booth # 210,தாஹ்சில்தார் 2வது குறுக்கு தெரு,31,13
WARD 34,Booth # 210,பாண்டியன் ஹவுசிங் போர்டு,68,1
WARD 34,Booth # 210,வாடிவேல் காலனி,4,1
WARD 34,Booth # 211,V.O.C. தெரு சதாமங்கலம் 3வது தெரு,112,0
WARD 34,Booth # 211,பேரியார் தெரு  சதாமங்கலம் 2வது தெரு,203,0
WARD 34,Booth # 211,முத்துரமலிங்க தேவர் தெரு சதாமங்கலம் 1வது தெரு,383,149
WARD 34,Booth # 211,யாகப்பா நகர் முதல் குறுக்கு தெரு,2,0
WARD 34,Booth # 216,கமராஜர் தெரு,1066,0
WARD 34,Booth # 221,அன்னா நகர் முக்கிய குறுக்கு தெரு,27,0
WARD 34,Booth # 221,அன்னா நகர் முக்கிய வீதி,155,0
WARD 34,Booth # 221,அன்னா நகர் முக்கிய வீதி அருகில் இந்தியன் வங்கி,79,0
WARD 34,Booth # 221,சர்ச் சாலை,32,0
WARD 34,Booth # 221,மீனாட்சி அபார்ட்மெண்ட்ஸ் அன்னா நகர்,50,0
WARD 34,Booth # 221,மேற்கு 7வது குறுக்கு தெரு,108,0
WARD 34,Booth # 221,மேற்கு 8வது குறுக்கு தெரு,38,0
WARD 34,Booth # 221,மேற்கு 9வது குறுக்கு தெரு,48,0
WARD 34,Booth # 221,வீனா அபார்ட்மெண்ட் அன்னா நகர்,58,0
WARD 34A,Booth # 212,K.T.K. தங்கமணி குறுக்கு தெரு கமராஜர் தெரு,92,42
WARD 34A,Booth # 212,K.T.K. தங்கமணி தெரு சதாமங்கலம் 4வது தெரு,206,71
WARD 34A,Booth # 212,அன்னா நகர் 2வது கிழக்கு முக்கிய வீதி,132,31
WARD 34A,Booth # 212,கமராஜர் குறுக்கு தெரு,42,3
WARD 34A,Booth # 212,நிஜம் கூட்டம் கமராஜர் தெரு,104,53
WARD 34A,Booth # 214,அன்னா தெரு,456,58
WARD 34A,Booth # 214,சேவுகபெருமாள் கோவில் தெரு,149,42
WARD 34A,Booth # 214,ஜீவா தெரு,256,147
WARD 34A,Booth # 215,மௌலானா சாகிப் தெரு,442,195
WARD 34A,Booth # 215,வஞ்ஜிநாதன் தெரு,430,135
WARD 34A,Booth # 217,சிக்கந்தர்புரம்,506,0
WARD 34A,Booth # 217,செயர்மான் அய்யனன் அம்பலம் தெரு,88,0
WARD 34A,Booth # 217,லால்பஹதூர் சாஸ்திரி தெரு,394,0
WARD 34A,Booth # 218,SMP காலனி 4 மாடி கட்டிடம்,708,0
WARD 34A,Booth # 219,SMP காலனி குதிசைகல்,309,0
WARD 34A,Booth # 220,SMP காலனி 1வது தெரு,538,0
WARD 34A,Booth # 220,SMP காலனி 2வது தெரு,290,0
WARD 34A,Booth # 220,SMP காலனி 3வது தெரு,128,0
WARD 34A,Booth # 220,மெயோர் முத்து வீதி,21,0
WARD 35,Booth # 205,H சென்பாகதோடு க்வாட்டர்ஸ்,56,0
WARD 35,Booth # 205,Street Not Found,1,0
WARD 35,Booth # 205,உலவர்சந்தை எதிர்,20,0
WARD 35,Booth # 205,சென்பாகதோடு க்வாட்டர்ஸ்,422,0
WARD 35,Booth # 205,பரதியார் அபார்ட்மெண்ட்ஸ்,114,0
WARD 35,Booth # 205,புதிய H.I.G காலனி,293,0
WARD 35,Booth # 208,HIG,129,0
WARD 35,Booth # 208,கிழக்கு குறுக்கு தெரு,35,0
WARD 35,Booth # 208,புதிய LIG,356,0
WARD 35,Booth # 208,புதிய LIG கிழக்கு,51,0
WARD 35,Booth # 208,மேற்கு குறுக்கு தெரு,15,0
WARD 35,Booth # 208,வசதி போர்டு மேற்கு,48,0
WARD 35,Booth # 222,10வது கிழக்கு குறுக்கு தெரு,139,0
WARD 35,Booth # 222,10வது வடக்கு குறுக்கு தெரு,5,0
WARD 35,Booth # 222,11வது கிழக்கு குறுக்கு தெரு,35,0
WARD 35,Booth # 222,12வது கிழக்கு குறுக்கு தெரு,30,0
WARD 35,Booth # 222,13வது கிழக்கு குறுக்கு தெரு,21,0
WARD 35,Booth # 222,14வது கிழக்கு குறுக்கு தெரு,51,0
WARD 35,Booth # 222,15வது கிழக்கு குறுக்கு தெரு,43,0
WARD 35,Booth # 222,16வது கிழக்கு குறுக்கு தெரு,47,0
WARD 35,Booth # 222,17வது கிழக்கு குறுக்கு தெரு,54,0
WARD 35,Booth # 222,9வது வடக்கு குறுக்கு தெரு,50,0
WARD 35,Booth # 222,Street Not Found,1,0
WARD 35,Booth # 222,மேற்கு முக்கிய சாலை,57,0
WARD 35,Booth # 222,மௌலானா ஷாகிப் தெரு,33,0
WARD 35,Booth # 225,சவாடி தெரு,62,0
WARD 35,Booth # 225,சவாடி நாடு தெரு,169,0
WARD 35,Booth # 225,சிவகங்கை முக்கிய சாலை,113,0
WARD 35,Booth # 225,தெற்கு தெரு அடி திராவிடர் குடியிருப்பு,67,0
WARD 35,Booth # 225,பள்ளி தெரு,118,0
WARD 35,Booth # 225,மிடில் தெரு,324,0
WARD 35,Booth # 225,வாண்டியூர் முதன்மை சாலை,203,0
WARD 35,Booth # 226,Street Not Found,1,0
WARD 35,Booth # 226,கிழக்கு தெரு சிவகங்கை முதன்மை சாலை,59,0
WARD 35,Booth # 226,நாகம்மை கூட்டணி,24,0
WARD 35,Booth # 226,நாகா வீதி மெல்லமடை,91,0
WARD 35,Booth # 226,பள்ளிவாசல் தெரு அண்டிக்கோவில் தெரு,244,0
WARD 35,Booth # 226,மீனவர் சங்கம் தெரு,77,0
WARD 35,Booth # 226,முத்துராமலிங்கம் தேவர் தெரு,141,0
WARD 35,Booth # 226,வாக்கில் கூட்டணி,74,0
WARD 35,Booth # 226,வாண்டியூர் முதன்மை சாலை,61,0
WARD 35,Booth # 251,அசாரி தெரு,167,0
WARD 35,Booth # 251,உரநிகரை,129,0
WARD 35,Booth # 251,ஏழில் நகர்,339,0
WARD 35A,Booth # 213,LIG காலனி கிழக்கு பகுதி அன்னா நகர்,394,0
WARD 35A,Booth # 213,வைகை காலனி கிழக்கு அன்னா நகர்,535,0
WARD 35A,Booth # 223,சர்ச் சாலை,63,0
WARD 35A,Booth # 223,வைகை காலனி மேற்கு,584,0
WARD 35A,Booth # 224,S.L.G 2வது தெரு,230,0
WARD 35A,Booth # 224,ஷாந்தி நிகேதன் அபார்ட்மெண்ட்,691,0
WARD 36,Booth # 227,அப்பாவு செட்டியார்,20,0
WARD 36,Booth # 227,கண்ணன் தெரு,39,0
WARD 36,Booth # 227,கர்மேகம் கூட்டணி,11,0
WARD 36,Booth # 227,கிருஷ்ணா தெரு,62,0
WARD 36,Booth # 227,மணிக்கவசாகர் தெரு,130,0
WARD 36,Booth # 227,மஹாத்மா தெரு,58,0
WARD 36,Booth # 227,மாணிகண்டன் வீதி,86,0
WARD 36,Booth # 227,முத்துசாமியப்பிள்ளை கூட்டணி,13,0
WARD 36,Booth # 227,ராஜா வீதி,27,0
WARD 36,Booth # 227,ராணி தெரு,46,0
WARD 36,Booth # 227,ராமகிருஷ்ணா தெரு,46,0
WARD 36,Booth # 227,வல்லம் பண்டிடுரை தெரு,108,0
WARD 36,Booth # 227,ஸ்வாதி தெரு,29,0
WARD 36,Booth # 228,கோமதி புதுரம் 6வது முதன்மை சாலை,489,0
WARD 36,Booth # 228,கோமதி புதுரம் 7வது முதன்மை அவென்யூ,324,0
WARD 36,Booth # 228,பாரதி தெரு கோமதி புதுரம்,213,0
WARD 36,Booth # 229,பாரதி கணபதி சுபம் தெரு,131,0
WARD 36,Booth # 229,மருது பண்டியார் முதன்மை,350,0
WARD 36,Booth # 229,ராஜராஜன் கதார்மோஹீதின்,140,0
WARD 36,Booth # 229,ராயல் அவென்யூ எழுமலையன்,157,0
WARD 36,Booth # 230,கோமதி புதுரம் 1வது முதன்மை சாலை,359,0
WARD 36,Booth # 230,கோமதி புதுரம் 2வது முதன்மை சாலை,354,0
WARD 36,Booth # 230,கோமதி புதுரம் 3வது முதன்மை சாலை மல்லிகை வீதி முளை வீதி,233,0
WARD 36,Booth # 231,செண்பகம் 1வது வீதி செண்பகம் 2வது வீதி குருஞ்சி வீதி,154,0
WARD 36,Booth # 231,சோகலால் வீதி முதலகு வீதி ஜெயசீலன் வீதி,145,0
WARD 36,Booth # 231,மஹாத்மா தெரு பாரதி தெரு,89,0
WARD 36,Booth # 231,ராஜாஜி வீதி குமரன் தெரு,144,0
WARD 36,Booth # 231,ரோஜா தெரு,224,0
WARD 36,Booth # 231,வாண்டியூர் ரோஜா தெரு,21,0
WARD 36,Booth # 232,Overseas,1,0
WARD 36,Booth # 232,அல்லி வீதி,290,0
WARD 36,Booth # 232,குரிஞ்சி குறுக்கு தெரு,87,0
WARD 36,Booth # 232,குருஞ்சி வீதி,182,0
WARD 36,Booth # 232,கோமதி புதுரம் 4வது முதன்மை சாலை,80,0
WARD 36,Booth # 232,கோம்தா புதுரம் 5வது முதன்மை சாலை,79,0
WARD 36,Booth # 232,சொர்ணமலர் வீதி,23,0
WARD 36,Booth # 232,பரிஜாதம் தெரு,89,0
WARD 36,Booth # 232,பாண்டியன் வீதி,56,0
WARD 36,Booth # 232,பொன் வீதி,66,0
WARD 36,Booth # 232,மஹாத்மா வீதி,71,0
WARD 36,Booth # 232,முல்லை வீதி,74,0
WARD 36,Booth # 232,ஷென்பாகா வீதி,44,0
WARD 36,Booth # 233,கஞ்சி வீதி,75,0
WARD 36,Booth # 233,கொன்றை வீதி குறுக்கு தெரு,83,0
WARD 36,Booth # 233,செவவந்தி வீதி,101,0
WARD 36,Booth # 233,பாரதி தெரு,59,0
WARD 36,Booth # 233,மல்லிகை வீதி,147,0
WARD 36,Booth # 233,மஹிலம்பூ தெரு,74,0
WARD 36,Booth # 233,வகை வீதி,125,0
WARD 36,Booth # 234,Street Not Found,4,0
WARD 36,Booth # 234,அல்லி வீதி தெரு 2வது தெரு,32,0
WARD 36,Booth # 234,கங்கை தெரு,33,0
WARD 36,Booth # 234,செம்பருத்தி தெரு,67,0
WARD 36,Booth # 234,தலை வீதி,318,0
WARD 36,Booth # 234,திருக்குறள் சாலை,91,0
WARD 36,Booth # 234,பவளமல்லி தெரு,30,0
WARD 36,Booth # 234,மனோரஞ்சிதம் தெரு,154,0
WARD 36,Booth # 234,ராஜாஜி தெரு,51,0
WARD 36,Booth # 235,சீமன் நகர் வார்ட் 9   கதவு எண் - 1 முதல் கதவு,746,0
WARD 36,Booth # 236,சீமன் நகர் வார்ட் 9   கதவு எண் - 8 முதல்,734,0
WARD 36,Booth # 237,சீமன் நகர,571,0
WARD 36,Booth # 237,பாண்டியன் நகர,515,0
WARD 36,Booth # 237,விநாயக நகர்,82,0
WARD 36,Booth # 238,Street Not Found,1,0
WARD 36,Booth # 238,அன்பு மலர் தெரு,310,0
WARD 36,Booth # 238,வல்லலார் தெரு,657,0
WARD 36,Booth # 239,குருநாதன் தெரு,139,0
WARD 36,Booth # 239,செம்பருத்தி வீதி,23,0
WARD 36,Booth # 239,தலை வீதி,203,0
WARD 36,Booth # 239,நேஹ்ரு தெரு,75,0
WARD 36,Booth # 239,வி.ஓ.சி 1வது தெரு,189,0
WARD 36,Booth # 239,வி.ஓ.சி 2வது தெரு,152,0
WARD 36,Booth # 252,தாஹசில்தார் நகர் 1வது முகவாய் தெரு,136,0
WARD 36,Booth # 252,மருதுபண்டியார் தெரு,516,0
WARD 36,Booth # 253,சரவணன் தெரு எம்.ஜி.ஆர் காலனி,172,0
WARD 36,Booth # 253,திரு . விஞ்.கா 2வது தெரு,177,0
WARD 36,Booth # 253,திரு.வி.கா 1வது தெரு,141,0
WARD 36,Booth # 253,பெரியார் வீதி,252,0
WARD 36,Booth # 255,மரியம்மன் கோவில் தெரு,172,0
WARD 36,Booth # 255,மல்லிகை தெரு,86,0
WARD 36,Booth # 255,ராஜா வீதி,163,0
WARD 36,Booth # 255,வாண்டியூர் முதன்மை சாலை,112,0
WARD 36,Booth # 255,விநாயகர் கோவில் தெரு முதன்மை தெரு,195,0
WARD 37,Booth # 240,சபரி தெரு,104,29
WARD 37,Booth # 240,பாரத் 1வது தெரு,186,73
WARD 37,Booth # 240,பாரத் 2வது தெரு,171,89
WARD 37,Booth # 240,ராஜராஜன் தெரு,79,8
WARD 37,Booth # 240,வீரவாஞ்சி தெரு,272,136
WARD 37,Booth # 243,Vallalar Stre,1,0
WARD 37,Booth # 243,இண்ட்ரா நகர் கிழக்கு கடைசி தெரு அண்ணா நகர்,229,0
WARD 37,Booth # 243,சுவகத் ரெசிடென்சி கிழக்கு கடைசி தெரு இண்ட்ரா நகர்,91,0
WARD 37,Booth # 244,அரிஞ்சர் அண்ணா தெரு அன்பு நகர்,192,0
WARD 37,Booth # 244,அரிஞ்சர் அண்ணா தெரு தாஹசில்தார் நகர்,71,0
WARD 37,Booth # 244,இந்திரா காலனி இந்திரா நகர் அண்ணா நகர்,553,0
WARD 37,Booth # 244,கன்னடசன் தெரு இந்திரா நகர் அண்ணா நகர்,113,0
WARD 37,Booth # 245,அன்னை அபிராமி தெரு அன்பு நகர்,191,92
WARD 37,Booth # 245,அன்னை அபிராமி தெரு ஏழில் நகர் அன்பு நகர்,83,37
WARD 37,Booth # 245,அன்னை அபிராமி தெரு தாஹசில்தார் நகர்,255,105
WARD 37,Booth # 245,அன்னை அபிராமி தெரு மகிஹாம்பு வீதி,13,3
WARD 37,Booth # 245,அன்னை அபிராமி தெரு மகிஹாம்பு வீதி அன்பு நகர்,14,7
WARD 37,Booth # 245,அன்னை அபிராமி தெரு மகிஹாம்பு வீதி யாகப்பா நகர்,37,26
WARD 37,Booth # 245,அரிஞ்சர் அண்ணா தெரு மகிஹாம்பு வீதி அன்பு நகர்,56,32
WARD 37,Booth # 245,அரிஞ்சர் அண்ணா தெரு யாகப்பா நகர்,92,31
WARD 37,Booth # 245,கலையங்கர் தெரு தாஹசில்தார் நகர்,160,103
WARD 37,Booth # 246,மன்னார் திருமலை தெரு,128,70
WARD 37,Booth # 246,வி.ஓ.சி 1வது தெரு,286,161
WARD 37,Booth # 246,வி.ஓ.சி 2வது தெரு,146,89
WARD 37,Booth # 246,வி.ஓ.சி 3வது குறுக்கு தெரு,50,23
WARD 37,Booth # 246,வி.ஓ.சி 3வது தெரு,381,263
WARD 37,Booth # 246,வி.ஓ.சி குறுக்கு தெரு,71,44
WARD 37,Booth # 246,வி.ஓ.சி முக்கிய தெரு,61,24
WARD 37,Booth # 247,சித்தி வினாயகர் கோவில் தெரு,1041,256
WARD 37,Booth # 248,Overseas,1,0
WARD 37,Booth # 248,சதாசிவம் நகர்,75,8
WARD 37,Booth # 248,முல்லை வீதி,126,47
WARD 37,Booth # 248,விவேகநந்தர் தெரு,772,375
WARD 37,Booth # 249,கொட்டூர் குருசாமி தெரு,142,78
WARD 37,Booth # 249,சேந்தில் நாதன் தெரு,406,181
WARD 37,Booth # 249,தாகோர் தெரு,248,147
WARD 37,Booth # 249,நேஹ்ரு தெரு,88,26
WARD 37,Booth # 249,பாரதியார் தெரு,166,42
WARD 37,Booth # 250,அசத் தெரு,186,53
WARD 37,Booth # 250,குருஞ்சி தெரு,556,157
WARD 37,Booth # 254,கல்லூரி வீதி,282,0
WARD 37,Booth # 254,நெல்லை தெரு,228,0
WARD 37,Booth # 254,நெல்லை வீதி 2வது குறுக்கு தெரு,7,0
WARD 37,Booth # 254,மூவெண்டார் தெரு,112,0
WARD 37,Booth # 259,Street Not Found,1,0
WARD 37,Booth # 259,எம்.ஜி.ஆர் வீதி,353,94
WARD 37,Booth # 259,ஓவாயார் தெரு,43,9
WARD 37,Booth # 259,கபிலர் வீதி,205,87
WARD 37,Booth # 259,கருமரி அம்மன் தெரு,83,17
WARD 37,Booth # 259,சேக்கியர் தெரு,60,33
WARD 37,Booth # 259,மறைமாலை அடிகல் தெரு,217,102
WARD 39,Booth # 241,யாகப்பா நகர்,388,0
WARD 39,Booth # 241,யாகப்பா நகர் 1வது தெரு,285,0
WARD 39,Booth # 241,யாகப்பா நகர் 2வது தெரு,296,0
WARD 39,Booth # 241,யாகப்பா நகர் குறுக்கு தெரு,76,0
WARD 39,Booth # 241,யாகப்பா நகர் முதல் குறுக்கு தெரு,54,0
WARD 39,Booth # 242,குமாரன் தெரு  சதாசிவம் நகர்,365,0
WARD 39,Booth # 242,பகவத் சிங் தெரு  தாஹசில்தார் நகர்,107,0
WARD 39,Booth # 242,மீனாட்சி நகர்,140,0
WARD 39,Booth # 242,யாகப்பா நகர் 2வது குறுக்கு தெரு பாளாஜி நகர் 1வது தெரு,81,0
WARD 39,Booth # 242,யாகப்பா நகர் 3வது தெரு,250,0
WARD 39,Booth # 242,ராஜகமல் தெரு,41,0
WARD 39,Booth # 256,சுபத்ரா குறுக்கு தெரு சதாசிவா நகர்,4,0
WARD 39,Booth # 256,சுபத்ரா தெரு சதாசிவா நகர்,123,0
WARD 39,Booth # 256,திருவள்ளுவர் குறுக்கு தெரு,41,0
WARD 39,Booth # 256,திருவள்ளுவர் தெரு சதாசிவா நகர்,545,0
WARD 39,Booth # 257,அன்னை அபிராமி தெரு சதாசிவா நகர்,77,0
WARD 39,Booth # 257,எலங்கோவடிகல் குறுக்கு தெரு சதாசிவா நகர்,26,0
WARD 39,Booth # 257,எலங்கோவடிகல் தெரு சதாசிவா நகர்,57,0
WARD 39,Booth # 257,சதாசிவா நகர் முதன்மை சாலை,58,0
WARD 39,Booth # 257,பாண்டியன் தெரு சதாசிவா நகர்,140,0
WARD 39,Booth # 257,மீனாட்சி தெரு சதாசிவா நகர்,55,0
WARD 39,Booth # 257,விநாயகர் முதன்மை 1வது தெரு சதா சிவா நகர்,76,0
WARD 39,Booth # 257,விநாயகர் முதன்மை சாலை சதாசிவா நகர்,176,0
WARD 39,Booth # 258,கம்பர் தெரு,176,0
WARD 39,Booth # 258,சிஎஸ்ஆர் வீதி,110,0
WARD 39,Booth # 258,சௌரஸ்த்ராபுரம் 13வது தெரு,138,0
WARD 39,Booth # 258,நகீரார் தெரு,161,0
WARD 39,Booth # 258,நெதாஜி தெரு,293,0
WARD 39,Booth # 258,விநாயகர் கோவில் தெரு,145,0
WARD 39,Booth # 260,பசும்பொன் தெரு,333,0
WARD 39,Booth # 260,பாளாஜி 1வது தெரு,245,0
WARD 39,Booth # 260,பாளாஜி 2வது தெரு,254,0
WARD 39,Booth # 261,பாளாஜி நகர் 3வது தெரு,111,0
WARD 39,Booth # 261,பாளாஜி நகர் 4வது தெரு,79,0
WARD 39,Booth # 261,பாளாஜி நகர் முதன்மை வீதி,77,0
WARD 39,Booth # 261,யாகப்பா நகர் முதன்மை சாலை,384,0
WARD 39,Booth # 261,வைகை வீதி,362,0
WARD 39,Booth # 262,யாகப்பா நகர் அபாஸ் தெரு,480,0
WARD 39,Booth # 262,யாகப்பா நகர் செல்வவிநாயகர் கோவில் தெரு,432,0
WARD 39,Booth # 263,யாகப்பா நகர் பாண்டியன் நகர் வார்ட் 39  கதவு எண் - 1 முதல் கதவு எ,1060,0
WARD 39,Booth # 264,Street Not Found,1,0
WARD 39,Booth # 264,கலைவணர் தெரு,56,0
WARD 39,Booth # 264,குருஞ்சி நகர் 9வது தெரு,176,0
WARD 39,Booth # 264,சேயோன் நகர்,39,0
WARD 39,Booth # 264,சௌராஸ்த்ராபுரம்  குருஞ்சி நகர் 9வது தெரு,184,0
WARD 39,Booth # 264,சௌராஸ்த்ராபுரம் குருஞ்சி நகர் 7வது தெரு,343,0
WARD 39,Booth # 264,சௌராஸ்த்ராபுரம் குருஞ்சி நகர் 8வது தெரு,197,0
WARD 39,Booth # 265,குருஞ்சி நகர் 1வது தெரு,106,0
WARD 39,Booth # 265,குருஞ்சி நகர் 2வது தெரு,141,0
WARD 39,Booth # 265,குருஞ்சி நகர் 3வது தெரு,212,0
WARD 39,Booth # 265,குருஞ்சி நகர் 4வது தெரு,169,0
WARD 39,Booth # 265,குருஞ்சி நகர் 5வது தெரு,173,0
WARD 39,Booth # 265,குருஞ்சி நகர் முதன்மை சாலை,180,0
WARD 39,Booth # 266,குருஞ்சி நகர் 6வது தெரு,268,0
WARD 39,Booth # 266,பாளாஜி நகர்  மகராஜன் தெரு,154,0
WARD 39,Booth # 266,யாகப்பா நகர் பாண்டியன் நகர் வார்ட் 39  கதவு எண் - 1129-1 முதல் கதவு எண்,316,0
WARD 39,Booth # 266,விலங்குடி ( SP )  கண்ணதாசன் தெரு,177,0
